{"cameraMode":{"drawMode":0,"name":"Shaded","section":"Shading Mode"},"sceneLighting":true,"audioPlay":false,"sceneViewState":{"m_AlwaysRefresh":false,"showFog":true,"showSkybox":true,"showFlares":true,"showImageEffects":true,"showParticleSystems":true,"showVisualEffectGraphs":true,"m_FxEnabled":true},"in2DMode":false,"pivot":{"x":101.27120971679688,"y":13.835630416870118,"z":-127.70895385742188},"rotation":{"x":0.01065609697252512,"y":-0.9856969714164734,"z":0.06843045353889466,"w":0.15380923449993134},"size":2.51369309425354,"orthographic":false}