{"cameraMode":{"drawMode":0,"name":"Shaded","section":"Shading Mode"},"sceneLighting":true,"audioPlay":false,"sceneViewState":{"m_AlwaysRefresh":false,"showFog":true,"showSkybox":true,"showFlares":true,"showImageEffects":true,"showParticleSystems":true,"showVisualEffectGraphs":true,"m_FxEnabled":true},"in2DMode":false,"pivot":{"x":-1.5130956172943116,"y":10.341029167175293,"z":0.09475541114807129},"rotation":{"x":0.019703282043337823,"y":-0.9794655442237854,"z":0.11990225315093994,"w":0.16100475192070008},"size":2.7634999752044679,"orthographic":false}