{"cameraMode":{"drawMode":0,"name":"Shaded","section":"Shading Mode"},"sceneLighting":true,"audioPlay":false,"sceneViewState":{"m_AlwaysRefresh":false,"showFog":true,"showSkybox":true,"showFlares":true,"showImageEffects":true,"showParticleSystems":true,"showVisualEffectGraphs":true,"m_FxEnabled":true},"in2DMode":false,"pivot":{"x":-0.7440004348754883,"y":7.208227157592773,"z":2.8676180839538576},"rotation":{"x":-0.07908354699611664,"y":0.9136185050010681,"z":-0.21518029272556306,"w":-0.3357754349708557},"size":14.004401206970215,"orthographic":false}